{
    "company_name": 1.0,
    "gst_number": 1.0,
    "address": 0.9649122807017544,
    "mobile_number": 1.0,
    "email": 1.0,
    "invoice_number": 1.0,
    "invoice_date": 1.0,
    "due_date": 1.0,
    "customer_details": 1.0,
    "place_of_supply": 0.9655172413793104,
    "taxable_amount": 1.0,
    "cgst_6": 1.0,
    "sgst_6": 1.0,
    "cgst_9": 1.0,
    "sgst_9": 1.0,
    "igst_12": 0.0,
    "igst_18": 0.2857142857142857,
    "round_off": 0.3333333333333333,
    "total": 1.0,
    "total_discount": 1.0,
    "total_in_words": 1.0,
    "total_items_qty": {
        "Total Items": 1.0,
        "Total Qty": 1.0
    },
    "bank_details": {
        "Bank Name": 1.0,
        "Account Number": 1.0,
        "IFSC Code": 1.0
    },
    "items": [
        {
            "Item Number": 1.0,
            "Item Name": 0.9824561403508771,
            "Qty": 1.0,
            "Taxable Value": 1.0,
            "Amount": 1.0,
            "Tax Amount": 1.0,
            "Rate / Item": 0.16666666666666666
        },
        {
            "Item Number": 1.0,
            "Item Name": 0.9629629629629629,
            "Qty": 1.0,
            "Taxable Value": 1.0,
            "Amount": 1.0,
            "Tax Amount": 1.0,
            "Rate / Item": 0.16666666666666666
        }
    ],
    "overall_accuracy": 0.9568990927620664
}